Title,Rating
The Practicing Mind: Developing Focus And Discipline In Your Life: Master any skill or challenge by learning to love the process,4.5
"THE SECRET | Life-Changing Self-Help Book on Law of Attraction | Personal Transformation, Positive Thinking & Motivation | Paperback for Mindset, Success & Happiness",3.8
The Book of Secrets,4.5
How to Stop Worrying and Start Living: Original Edition | Premium Paperback,4.4
Human Edge in the AI Age: Eight Timeless Mantras for Success | By the Bestselling Author of Winning in the Digital Age and Mastering the Data Paradox,4.8
World’s Greatest Books For Personal Growth & Wealth (Set of 4 Books) : Perfect Motivational Gift Set | How to Win Friends and Influence People | Think and Grow Rich | The Richest Man in Babylon | The Power of Your Subconscious Mind | Premium Paperback for Gifting,4.5
Was I Ever Enough?,4.6
"500+ Ultimate Stickers Activity Book for Kids Ages 2-5 Years, Theme Based Reusable Stickers, Fun Learning & Educational Book for Toddlers",4.0
SSC English 7600+ ebp MCQ book 2026 | eduquity based pattern | chapter wise with detailed explanation | 8th edition | english medium,3.9
Tension Mat Le Yaar । टेंशन मत ले यार,4.4
Atomic Habits: The life-changing million-copy #1 bestseller,4.6
Days at the Morisaki Bookshop: The perfect book to curl up with - for lovers of Japanese translated fiction everywhere (The Morisaki Bookshop series 1),4.4
"You Can Have It All: Unlock the Secrets to a Great Life by Gaur Gopal Das | A Monk’s Guide to Balance, Purpose, Happiness and Inner Peace",4.7
Tuesdays With Morrie: The most uplifting book ever written about the importance of human connection,4.6
Marigold,
"My First Library Set of 10 Board Books for Kids, Early Learning Book for Babies & Toddlers, Alphabets, Body Parts, Numbers, 1-3 Years (Kids' First Library Box Set)",4.5
