Title,Rating,Price,Link
"Laptop, 2026 New Laptop Computer with Ιntel 12th Quad-Core Processor(Up to 3.6GHz), 16GB RAM 512GB NVMe SSD, 15.6"" FHD Display, Windοws 11/Student/Business Laptop, HDMI, USB3.2, Long Battery Life",,N/A,https://www.amazon.com/sspa/click?ie=UTF8&spc=MToyMjMwMDUxMDE3MTIxMDMzOjE3NzIxNzA3Mzc6c3BfYXRmOjMwMTE4MjI3MTM0ODMwMjo6MDo6&url=%2FComputer-Quad-Core-Processor-Display-Business%2Fdp%2FB0GJZKBDV9%2Fref%3Dsr_1_1_sspa%3Fdib%3DeyJ2IjoiMSJ9.zEmFVp8zTaUcWfMa2DiZcLCZJQq_g7dhf0PVunxGgCfyovFKRQeYLVEzCrUjR29ahhnLqmV5EXM0VlvFC8vcNvH2RD9z7x7dD1D4tWk-LyH4AxOYXbNx2hV-xfLRgP6CMl24-v13f-93Y0SUDBMYKk_w0xAAxxkR5Szq07Oc_ZyMsflQvNts5-JsDc12Qnyqi_6oXhJMB9qYcCtiGYJjhqNLm8CQ41LmzqUPCjgi-fI.wzxRYNAi2fPTacYV2w1Vu9BHG4jGkJ3KELHWmVdTnGI%26dib_tag%3Dse%26keywords%3Dlaptop%26qid%3D1772170737%26sr%3D8-1-spons%26sp_csd%3Dd2lkZ2V0TmFtZT1zcF9hdGY%26psc%3D1
"Laptop Computers,15.6"" IPS 1080P Screen,6500Y Processor 3.4Ghz(Beat n5095) 16GB RAM 256GB SSD, Laptops with Fingerprint Recognition Backlit Keyboard,WiFi, USB C(Data), Webcam, HDMI",,N/A,https://www.amazon.com/sspa/click?ie=UTF8&spc=MToyMjMwMDUxMDE3MTIxMDMzOjE3NzIxNzA3Mzc6c3BfYXRmOjMwMTEyNjU3MjM3NTQwMjo6MDo6&url=%2FXYPLOXZ-Computers-Processor-Fingerprint-Recognition%2Fdp%2FB0FZT54BDF%2Fref%3Dsr_1_2_sspa%3Fdib%3DeyJ2IjoiMSJ9.zEmFVp8zTaUcWfMa2DiZcLCZJQq_g7dhf0PVunxGgCfyovFKRQeYLVEzCrUjR29ahhnLqmV5EXM0VlvFC8vcNvH2RD9z7x7dD1D4tWk-LyH4AxOYXbNx2hV-xfLRgP6CMl24-v13f-93Y0SUDBMYKk_w0xAAxxkR5Szq07Oc_ZyMsflQvNts5-JsDc12Qnyqi_6oXhJMB9qYcCtiGYJjhqNLm8CQ41LmzqUPCjgi-fI.wzxRYNAi2fPTacYV2w1Vu9BHG4jGkJ3KELHWmVdTnGI%26dib_tag%3Dse%26keywords%3Dlaptop%26qid%3D1772170737%26sr%3D8-2-spons%26sp_csd%3Dd2lkZ2V0TmFtZT1zcF9hdGY%26psc%3D1
"Dell 15 Laptop DC15250-15.6-inch FHD (1920x1080) 120Hz Display, Intel Core i5-1334U Processor, 16GB DDR4 RAM, 512GB SSD, Intel UHD Graphics, Windows 11 Home, Onsite Service - Platinum Silver",,N/A,https://www.amazon.com/Dell-DC15250-15-6-inch-1920x1080-i5-1334U-Processor/dp/B0F167PYK7/ref=sr_1_3?dib=eyJ2IjoiMSJ9.zEmFVp8zTaUcWfMa2DiZcLCZJQq_g7dhf0PVunxGgCfyovFKRQeYLVEzCrUjR29ahhnLqmV5EXM0VlvFC8vcNvH2RD9z7x7dD1D4tWk-LyH4AxOYXbNx2hV-xfLRgP6CMl24-v13f-93Y0SUDBMYKk_w0xAAxxkR5Szq07Oc_ZyMsflQvNts5-JsDc12Qnyqi_6oXhJMB9qYcCtiGYJjhqNLm8CQ41LmzqUPCjgi-fI.wzxRYNAi2fPTacYV2w1Vu9BHG4jGkJ3KELHWmVdTnGI&dib_tag=se&keywords=laptop&qid=1772170737&sr=8-3
"2026 Laptop with AMD Ryzen 3 4300U Processor(Up to 3.7GHz), AMD Radeon Graphics,16GB DDR4 512GB NVMe SSD, Wi-Fi,Type-C,Webcam,15.6"" Full HD IPS Display Portable Windows 11 Laptop Computer",,N/A,https://www.amazon.com/KONZID-Processor-Graphics-Portable-Computer/dp/B0G6KDK77L/ref=sr_1_4?dib=eyJ2IjoiMSJ9.zEmFVp8zTaUcWfMa2DiZcLCZJQq_g7dhf0PVunxGgCfyovFKRQeYLVEzCrUjR29ahhnLqmV5EXM0VlvFC8vcNvH2RD9z7x7dD1D4tWk-LyH4AxOYXbNx2hV-xfLRgP6CMl24-v13f-93Y0SUDBMYKk_w0xAAxxkR5Szq07Oc_ZyMsflQvNts5-JsDc12Qnyqi_6oXhJMB9qYcCtiGYJjhqNLm8CQ41LmzqUPCjgi-fI.wzxRYNAi2fPTacYV2w1Vu9BHG4jGkJ3KELHWmVdTnGI&dib_tag=se&keywords=laptop&qid=1772170737&sr=8-4
"HP 14 Laptop, Intel Celeron N4020, 4 GB RAM, 64 GB Storage, 14-inch Micro-edge HD Display, Windows 11 Home, Thin & Portable, 4K Graphics, One Year of Microsoft 365 (14-dq0040nr, Snowflake White)",,N/A,https://www.amazon.com/HP-Micro-edge-Microsoft-14-dq0040nr-Snowflake/dp/B0947BJ67M/ref=sr_1_5?dib=eyJ2IjoiMSJ9.zEmFVp8zTaUcWfMa2DiZcLCZJQq_g7dhf0PVunxGgCfyovFKRQeYLVEzCrUjR29ahhnLqmV5EXM0VlvFC8vcNvH2RD9z7x7dD1D4tWk-LyH4AxOYXbNx2hV-xfLRgP6CMl24-v13f-93Y0SUDBMYKk_w0xAAxxkR5Szq07Oc_ZyMsflQvNts5-JsDc12Qnyqi_6oXhJMB9qYcCtiGYJjhqNLm8CQ41LmzqUPCjgi-fI.wzxRYNAi2fPTacYV2w1Vu9BHG4jGkJ3KELHWmVdTnGI&dib_tag=se&keywords=laptop&qid=1772170737&sr=8-5
"acer Nitro V Gaming Laptop | Intel Core i5-13420H Processor | NVIDIA GeForce RTX 4050 Laptop GPU | 15.6"" FHD IPS 165Hz Display | 8GB DDR5 | 512GB Gen 4 SSD | Wi-Fi 6 | Backlit KB | ANV15-52-586Z",,"59,15884",https://www.amazon.com/i5-13420H-Processor-GeForce-Display-ANV15-52-586Z/dp/B0F5KTGDS9/ref=sr_1_6?dib=eyJ2IjoiMSJ9.zEmFVp8zTaUcWfMa2DiZcLCZJQq_g7dhf0PVunxGgCfyovFKRQeYLVEzCrUjR29ahhnLqmV5EXM0VlvFC8vcNvH2RD9z7x7dD1D4tWk-LyH4AxOYXbNx2hV-xfLRgP6CMl24-v13f-93Y0SUDBMYKk_w0xAAxxkR5Szq07Oc_ZyMsflQvNts5-JsDc12Qnyqi_6oXhJMB9qYcCtiGYJjhqNLm8CQ41LmzqUPCjgi-fI.wzxRYNAi2fPTacYV2w1Vu9BHG4jGkJ3KELHWmVdTnGI&dib_tag=se&keywords=laptop&qid=1772170737&sr=8-6
"ASUS Chromebook Flip CX1 Convertible Laptop, 14"" FHD NanoEdge 360-degree Touchscreen, Intel Celeron N4500 Processor, 128GB eMMC Storage, 8GB RAM, ChromeOS, Transparent Silver, CX1400FKA-AS88FT",,"25,48329",https://www.amazon.com/sspa/click?ie=UTF8&spc=MToyMjMwMDUxMDE3MTIxMDMzOjE3NzIxNzA3Mzc6c3BfbXRmOjMwMDk5OTI2NDQwMDEwMjo6MDo6&url=%2FASUS-Convertible-Touchscreen-Transparent-CX1400FKA-AS88FT%2Fdp%2FB0DZZVLF6N%2Fref%3Dsr_1_7_sspa%3Fdib%3DeyJ2IjoiMSJ9.zEmFVp8zTaUcWfMa2DiZcLCZJQq_g7dhf0PVunxGgCfyovFKRQeYLVEzCrUjR29ahhnLqmV5EXM0VlvFC8vcNvH2RD9z7x7dD1D4tWk-LyH4AxOYXbNx2hV-xfLRgP6CMl24-v13f-93Y0SUDBMYKk_w0xAAxxkR5Szq07Oc_ZyMsflQvNts5-JsDc12Qnyqi_6oXhJMB9qYcCtiGYJjhqNLm8CQ41LmzqUPCjgi-fI.wzxRYNAi2fPTacYV2w1Vu9BHG4jGkJ3KELHWmVdTnGI%26dib_tag%3Dse%26keywords%3Dlaptop%26qid%3D1772170737%26sr%3D8-7-spons%26sp_csd%3Dd2lkZ2V0TmFtZT1zcF9tdGY%26psc%3D1
"2026 Gaming Laptop with AMD Ryzen 7 5700U Processor(8C/16T, Up to 4.3GHz), 16.1“ FHD Display Laptop Computer with Backlit Keyboard, 16GB RAM 512GB NVMe SSD, WiFi-6, HDMI, USB3.2, Type-C, 53Wh Battery",,N/A,https://www.amazon.com/Processor-Display-Computer-Backlit-Keyboard/dp/B0GCRF6QRX/ref=sr_1_8?dib=eyJ2IjoiMSJ9.zEmFVp8zTaUcWfMa2DiZcLCZJQq_g7dhf0PVunxGgCfyovFKRQeYLVEzCrUjR29ahhnLqmV5EXM0VlvFC8vcNvH2RD9z7x7dD1D4tWk-LyH4AxOYXbNx2hV-xfLRgP6CMl24-v13f-93Y0SUDBMYKk_w0xAAxxkR5Szq07Oc_ZyMsflQvNts5-JsDc12Qnyqi_6oXhJMB9qYcCtiGYJjhqNLm8CQ41LmzqUPCjgi-fI.wzxRYNAi2fPTacYV2w1Vu9BHG4jGkJ3KELHWmVdTnGI&dib_tag=se&keywords=laptop&qid=1772170737&sr=8-8
"acer Nitro V Gaming Laptop | Intel Core i7-13620H Processor | NVIDIA GeForce RTX 4050 Laptop GPU | 15.6"" FHD IPS 165Hz Display | 16GB DDR5 | 1TB Gen 4 SSD | Wi-Fi 6 | Backlit KB | ANV15-52-76NK",,"86,46334",https://www.amazon.com/i7-13620H-Processor-GeForce-Display-ANV15-52-76NK/dp/B0F6PLQ93N/ref=sr_1_9?dib=eyJ2IjoiMSJ9.zEmFVp8zTaUcWfMa2DiZcLCZJQq_g7dhf0PVunxGgCfyovFKRQeYLVEzCrUjR29ahhnLqmV5EXM0VlvFC8vcNvH2RD9z7x7dD1D4tWk-LyH4AxOYXbNx2hV-xfLRgP6CMl24-v13f-93Y0SUDBMYKk_w0xAAxxkR5Szq07Oc_ZyMsflQvNts5-JsDc12Qnyqi_6oXhJMB9qYcCtiGYJjhqNLm8CQ41LmzqUPCjgi-fI.wzxRYNAi2fPTacYV2w1Vu9BHG4jGkJ3KELHWmVdTnGI&dib_tag=se&keywords=laptop&qid=1772170737&sr=8-9
"Dell Latitude 5420 14"" FHD Business Laptop Computer, Intel Quad-Core i5-1145G7, 16GB DDR4 RAM, 256GB SSD, Camera, HDMI, Windows 11 Pro (Renewed)",,N/A,https://www.amazon.com/Dell-Latitude-5420-Quad-Core-i5-1145G7/dp/B0F53SQRH4/ref=sr_1_10?dib=eyJ2IjoiMSJ9.zEmFVp8zTaUcWfMa2DiZcLCZJQq_g7dhf0PVunxGgCfyovFKRQeYLVEzCrUjR29ahhnLqmV5EXM0VlvFC8vcNvH2RD9z7x7dD1D4tWk-LyH4AxOYXbNx2hV-xfLRgP6CMl24-v13f-93Y0SUDBMYKk_w0xAAxxkR5Szq07Oc_ZyMsflQvNts5-JsDc12Qnyqi_6oXhJMB9qYcCtiGYJjhqNLm8CQ41LmzqUPCjgi-fI.wzxRYNAi2fPTacYV2w1Vu9BHG4jGkJ3KELHWmVdTnGI&dib_tag=se&keywords=laptop&qid=1772170737&sr=8-10
"acer Aspire Go 15 AI Ready Laptop | 15.6"" FHD (1920 x 1080) IPS Display | Intel Core 3 Processor N355 | Intel Graphics | 8GB DDR5 | 128GB UFS | Wi-Fi 6 | Windows 11 Home in S Mode | AG15-32P-39R2",,"24,75608",https://www.amazon.com/Display-Processor-Graphics-Windows-AG15-32P-39R2/dp/B0DT7FC9B7/ref=sr_1_11?dib=eyJ2IjoiMSJ9.zEmFVp8zTaUcWfMa2DiZcLCZJQq_g7dhf0PVunxGgCfyovFKRQeYLVEzCrUjR29ahhnLqmV5EXM0VlvFC8vcNvH2RD9z7x7dD1D4tWk-LyH4AxOYXbNx2hV-xfLRgP6CMl24-v13f-93Y0SUDBMYKk_w0xAAxxkR5Szq07Oc_ZyMsflQvNts5-JsDc12Qnyqi_6oXhJMB9qYcCtiGYJjhqNLm8CQ41LmzqUPCjgi-fI.wzxRYNAi2fPTacYV2w1Vu9BHG4jGkJ3KELHWmVdTnGI&dib_tag=se&keywords=laptop&qid=1772170737&sr=8-11
"ASUS Chromebook CX15 Laptop, 15.6"" FHD Anti-Glare Display, Intel Celeron N4500 Processor, 128GB Storage, 8GB RAM, ChromeOS, Pure Grey, CX1505CKA-AS88F-PG",,"20,85063",https://www.amazon.com/sspa/click?ie=UTF8&spc=MToyMjMwMDUxMDE3MTIxMDMzOjE3NzIxNzA3Mzc6c3BfbXRmOjMwMDk5OTI2NDQwMDgwMjo6MDo6&url=%2FASUS-Chromebook-Anti-Glare-Processor-CX1505CKA-AS88F-PG%2Fdp%2FB0F113YD2M%2Fref%3Dsr_1_12_sspa%3Fdib%3DeyJ2IjoiMSJ9.zEmFVp8zTaUcWfMa2DiZcLCZJQq_g7dhf0PVunxGgCfyovFKRQeYLVEzCrUjR29ahhnLqmV5EXM0VlvFC8vcNvH2RD9z7x7dD1D4tWk-LyH4AxOYXbNx2hV-xfLRgP6CMl24-v13f-93Y0SUDBMYKk_w0xAAxxkR5Szq07Oc_ZyMsflQvNts5-JsDc12Qnyqi_6oXhJMB9qYcCtiGYJjhqNLm8CQ41LmzqUPCjgi-fI.wzxRYNAi2fPTacYV2w1Vu9BHG4jGkJ3KELHWmVdTnGI%26dib_tag%3Dse%26keywords%3Dlaptop%26qid%3D1772170737%26sr%3D8-12-spons%26sp_csd%3Dd2lkZ2V0TmFtZT1zcF9tdGY%26psc%3D1
"Phatom 15.6"" FHD Laptop Computers, Compatible with Windows 11, Pentium Gold (Beats Pentium, Celeron), Cooling Fan, 4GB RAM, 128GB SSD, Up to 2TB, HDMI, for Business, Student",,N/A,https://www.amazon.com/Phatom-Computers-Compatible-Windows-Business/dp/B0FS1V6XZD/ref=sr_1_13?dib=eyJ2IjoiMSJ9.zEmFVp8zTaUcWfMa2DiZcLCZJQq_g7dhf0PVunxGgCfyovFKRQeYLVEzCrUjR29ahhnLqmV5EXM0VlvFC8vcNvH2RD9z7x7dD1D4tWk-LyH4AxOYXbNx2hV-xfLRgP6CMl24-v13f-93Y0SUDBMYKk_w0xAAxxkR5Szq07Oc_ZyMsflQvNts5-JsDc12Qnyqi_6oXhJMB9qYcCtiGYJjhqNLm8CQ41LmzqUPCjgi-fI.wzxRYNAi2fPTacYV2w1Vu9BHG4jGkJ3KELHWmVdTnGI&dib_tag=se&keywords=laptop&qid=1772170737&sr=8-13
"Lenovo V15 Gen 4 Business Laptop, 15.6"" FHD Display, Intel Core i5-13420H (Beat i7-1355U), HDMI, RJ45, Webcam, Numeric Keypad, Wi-Fi, Windows 11 Pro, Black (16GB RAM | 512GB SSD)",,N/A,https://www.amazon.com/Lenovo-V15-Business-i5-13420H-i7-1355U/dp/B0D1YQJKY2/ref=sr_1_14?dib=eyJ2IjoiMSJ9.zEmFVp8zTaUcWfMa2DiZcLCZJQq_g7dhf0PVunxGgCfyovFKRQeYLVEzCrUjR29ahhnLqmV5EXM0VlvFC8vcNvH2RD9z7x7dD1D4tWk-LyH4AxOYXbNx2hV-xfLRgP6CMl24-v13f-93Y0SUDBMYKk_w0xAAxxkR5Szq07Oc_ZyMsflQvNts5-JsDc12Qnyqi_6oXhJMB9qYcCtiGYJjhqNLm8CQ41LmzqUPCjgi-fI.wzxRYNAi2fPTacYV2w1Vu9BHG4jGkJ3KELHWmVdTnGI&dib_tag=se&keywords=laptop&qid=1772170737&sr=8-14
"HP 14"" Ultral Light Laptop for Students and Business, Intel Quad-Core, 8GB RAM, 192GB Storage(64GB eMMC+128GB Ghost Manta SD Card), 1 Year Office 365, USB C, Win 11 S",,N/A,https://www.amazon.com/HP-Students-Business-Quad-Core-Storage/dp/B0B2D77YB8/ref=sr_1_15?dib=eyJ2IjoiMSJ9.zEmFVp8zTaUcWfMa2DiZcLCZJQq_g7dhf0PVunxGgCfyovFKRQeYLVEzCrUjR29ahhnLqmV5EXM0VlvFC8vcNvH2RD9z7x7dD1D4tWk-LyH4AxOYXbNx2hV-xfLRgP6CMl24-v13f-93Y0SUDBMYKk_w0xAAxxkR5Szq07Oc_ZyMsflQvNts5-JsDc12Qnyqi_6oXhJMB9qYcCtiGYJjhqNLm8CQ41LmzqUPCjgi-fI.wzxRYNAi2fPTacYV2w1Vu9BHG4jGkJ3KELHWmVdTnGI&dib_tag=se&keywords=laptop&qid=1772170737&sr=8-15
"HP Stream 14"" HD BrightView Laptop, Intel Celeron N150, 16GB RAM, 416GB Storage (128GB eMMC + 288GB Docking Station Set), Intel UHD Graphics, 720p Camera, Wi-Fi, 1 Year Office 365, Win 11 S, Gold",,N/A,https://www.amazon.com/HP-Stream-BrightView-N4120-Graphics/dp/B0DC6KMWJS/ref=sr_1_16?dib=eyJ2IjoiMSJ9.zEmFVp8zTaUcWfMa2DiZcLCZJQq_g7dhf0PVunxGgCfyovFKRQeYLVEzCrUjR29ahhnLqmV5EXM0VlvFC8vcNvH2RD9z7x7dD1D4tWk-LyH4AxOYXbNx2hV-xfLRgP6CMl24-v13f-93Y0SUDBMYKk_w0xAAxxkR5Szq07Oc_ZyMsflQvNts5-JsDc12Qnyqi_6oXhJMB9qYcCtiGYJjhqNLm8CQ41LmzqUPCjgi-fI.wzxRYNAi2fPTacYV2w1Vu9BHG4jGkJ3KELHWmVdTnGI&dib_tag=se&keywords=laptop&qid=1772170737&sr=8-16
"acer Aspire 16 AI Copilot+ PC | 16"" WUXGA 120Hz Multi-Touch Display | Snapdragon X X1-26-100 | NPU: 45 Tops - GPU: Up to 1.7 TFLOPs | 16GB LPDDR5X | 512GB PCIe Gen 4 SSD | Wi-Fi 7 | A16-11MT-X669",,"50,05734",https://www.amazon.com/sspa/click?ie=UTF8&spc=MToyMjMwMDUxMDE3MTIxMDMzOjE3NzIxNzA3Mzc6c3BfbXRmOjMwMTE2NzIyODUzOTgwMjo6MDo6&url=%2FCopilot-Multi-Touch-Display-Snapdragon-X1-26-100%2Fdp%2FB0F196M26K%2Fref%3Dsr_1_17_sspa%3Fdib%3DeyJ2IjoiMSJ9.zEmFVp8zTaUcWfMa2DiZcLCZJQq_g7dhf0PVunxGgCfyovFKRQeYLVEzCrUjR29ahhnLqmV5EXM0VlvFC8vcNvH2RD9z7x7dD1D4tWk-LyH4AxOYXbNx2hV-xfLRgP6CMl24-v13f-93Y0SUDBMYKk_w0xAAxxkR5Szq07Oc_ZyMsflQvNts5-JsDc12Qnyqi_6oXhJMB9qYcCtiGYJjhqNLm8CQ41LmzqUPCjgi-fI.wzxRYNAi2fPTacYV2w1Vu9BHG4jGkJ3KELHWmVdTnGI%26dib_tag%3Dse%26keywords%3Dlaptop%26qid%3D1772170737%26sr%3D8-17-spons%26sp_csd%3Dd2lkZ2V0TmFtZT1zcF9tdGY%26psc%3D1
"HP Stream 14"" HD BrightView Laptop, Intel Processor N150, 16GB RAM, 416GB Storage (128GB eMMC + 288GB Docking Station Set), Intel UHD Graphics, 720p Camera, Wi-Fi, 1 Year Office 365, Win 11 S, Silver",,N/A,https://www.amazon.com/HP-Stream-BrightView-N4120-Graphics/dp/B0DC6LT34G/ref=sr_1_18?dib=eyJ2IjoiMSJ9.zEmFVp8zTaUcWfMa2DiZcLCZJQq_g7dhf0PVunxGgCfyovFKRQeYLVEzCrUjR29ahhnLqmV5EXM0VlvFC8vcNvH2RD9z7x7dD1D4tWk-LyH4AxOYXbNx2hV-xfLRgP6CMl24-v13f-93Y0SUDBMYKk_w0xAAxxkR5Szq07Oc_ZyMsflQvNts5-JsDc12Qnyqi_6oXhJMB9qYcCtiGYJjhqNLm8CQ41LmzqUPCjgi-fI.wzxRYNAi2fPTacYV2w1Vu9BHG4jGkJ3KELHWmVdTnGI&dib_tag=se&keywords=laptop&qid=1772170737&sr=8-18
"HP 2023 Chromebook Laptop, 14 Inch Display, Intel Celeron N4120 Processor, 4GB RAM, 64GB eMMC, Intel UHD Graphics 600, WiFi, Bluetooth, Chrome OS, Modern Gray",,N/A,https://www.amazon.com/HP-Chromebook-Processor-Graphics-Bluetooth/dp/B0C7MR5RDH/ref=sr_1_19?dib=eyJ2IjoiMSJ9.zEmFVp8zTaUcWfMa2DiZcLCZJQq_g7dhf0PVunxGgCfyovFKRQeYLVEzCrUjR29ahhnLqmV5EXM0VlvFC8vcNvH2RD9z7x7dD1D4tWk-LyH4AxOYXbNx2hV-xfLRgP6CMl24-v13f-93Y0SUDBMYKk_w0xAAxxkR5Szq07Oc_ZyMsflQvNts5-JsDc12Qnyqi_6oXhJMB9qYcCtiGYJjhqNLm8CQ41LmzqUPCjgi-fI.wzxRYNAi2fPTacYV2w1Vu9BHG4jGkJ3KELHWmVdTnGI&dib_tag=se&keywords=laptop&qid=1772170737&sr=8-19
"HP Chromebook 14 Laptop, Intel Celeron N4120, 4 GB RAM, 64 GB eMMC, 14"" HD Display, Chrome OS, Thin Design, 4K Graphics, Long Battery Life, Ash Gray Keyboard (14a-na0226nr, 2022, Mineral Silver)",,N/A,https://www.amazon.com/HP-Chromebook-Graphics-Keyboard-14a-na0226nr/dp/B09SVSBVP1/ref=sr_1_20?dib=eyJ2IjoiMSJ9.zEmFVp8zTaUcWfMa2DiZcLCZJQq_g7dhf0PVunxGgCfyovFKRQeYLVEzCrUjR29ahhnLqmV5EXM0VlvFC8vcNvH2RD9z7x7dD1D4tWk-LyH4AxOYXbNx2hV-xfLRgP6CMl24-v13f-93Y0SUDBMYKk_w0xAAxxkR5Szq07Oc_ZyMsflQvNts5-JsDc12Qnyqi_6oXhJMB9qYcCtiGYJjhqNLm8CQ41LmzqUPCjgi-fI.wzxRYNAi2fPTacYV2w1Vu9BHG4jGkJ3KELHWmVdTnGI&dib_tag=se&keywords=laptop&qid=1772170737&sr=8-20
"ASUS Vivobook Go 15.6” FHD Slim Laptop, AMD Ryzen 3 7320U Quad Core Processor, 8GB DDR5 RAM, 128GB SSD, Windows 11 Home, Fast Charging, Webcam Sheild, Military Grade Durability, Black, E1504FA-AS33",,"26,39435",https://www.amazon.com/ASUS-Vivobook-Laptop-Windows-E1504FA-AS33/dp/B0CWHYV27D/ref=sr_1_21?dib=eyJ2IjoiMSJ9.zEmFVp8zTaUcWfMa2DiZcLCZJQq_g7dhf0PVunxGgCfyovFKRQeYLVEzCrUjR29ahhnLqmV5EXM0VlvFC8vcNvH2RD9z7x7dD1D4tWk-LyH4AxOYXbNx2hV-xfLRgP6CMl24-v13f-93Y0SUDBMYKk_w0xAAxxkR5Szq07Oc_ZyMsflQvNts5-JsDc12Qnyqi_6oXhJMB9qYcCtiGYJjhqNLm8CQ41LmzqUPCjgi-fI.wzxRYNAi2fPTacYV2w1Vu9BHG4jGkJ3KELHWmVdTnGI&dib_tag=se&keywords=laptop&qid=1772170737&sr=8-21
"16"" FHD Traditional Laptop Computers, i3 Processor, WiFi 6 Bluetooth 5.3, Laptops Notebook for Home Office Study, Type-C, Backlit Keyboard, Fingerprint Unlock, Win11 Pro 16GB RAM 1TB SSD Pink",,N/A,https://www.amazon.com/sspa/click?ie=UTF8&spc=MToyMjMwMDUxMDE3MTIxMDMzOjE3NzIxNzA3Mzc6c3BfYnRmOjMwMTAwODUwNzk2MjgwMjo6MDo6&url=%2FAuusda-Traditional-Computers-Processor-Fingerprint%2Fdp%2FB0FP4CC43P%2Fref%3Dsr_1_22_sspa%3Fdib%3DeyJ2IjoiMSJ9.zEmFVp8zTaUcWfMa2DiZcLCZJQq_g7dhf0PVunxGgCfyovFKRQeYLVEzCrUjR29ahhnLqmV5EXM0VlvFC8vcNvH2RD9z7x7dD1D4tWk-LyH4AxOYXbNx2hV-xfLRgP6CMl24-v13f-93Y0SUDBMYKk_w0xAAxxkR5Szq07Oc_ZyMsflQvNts5-JsDc12Qnyqi_6oXhJMB9qYcCtiGYJjhqNLm8CQ41LmzqUPCjgi-fI.wzxRYNAi2fPTacYV2w1Vu9BHG4jGkJ3KELHWmVdTnGI%26dib_tag%3Dse%26keywords%3Dlaptop%26qid%3D1772170737%26sr%3D8-22-spons%26sp_csd%3Dd2lkZ2V0TmFtZT1zcF9idGY%26psc%3D1
